Name_of_algo,MSE,RMSE,MAPE,MAE
Baseline,0.2508904152685763,0.5008896238380032,5.8365016382496195,0.4208339973439573
Random Forest Regressor,0.27593354440021955,0.5252937696186959,5.53954084920687,0.4095210128157685
Decision Tree Regressor,0.308934156088126,0.5558184560520872,5.592587012365626,0.4105889167044694
SVM Regressor,0.3275180012083583,0.5722918846256325,5.880796598541973,0.43883385686337667
LSTM,0.5496581132416037,0.7413893128725311,7.436093184262986,0.5561578527250454
ARIMAX,0.3114367968988051,0.5580652263838028,6.908331409817844,0.4905864300244932
Decision Tree Classification,0.2,0.4472135954999579,2.5,0.2
SVM Classification,0.4,0.6324555320336759,5.833333333333333,0.4
Random Forest Classification,0.4,0.6324555320336759,5.833333333333333,0.4
