Name_of_algo,MSE,RMSE,MAPE,MAE
Baseline,0.250890415,0.500889624,5.836501638,0.420833997
Random Forest Regressor,0.304117618,0.551468601,6.043706437,0.442097241
Decision Tree Regressor,0.259069211,0.508988419,4.746628273,0.359768771
SVM Regressor,0.327511725,0.572286401,5.871643566,0.437278538
Random Forest Classification,0.4,0.632455532,5.833333333,0.4
Decision Tree Classification,0.4,0.632455532,5.357142857,0.4
SVM Classification,0.6,0.774596669,8.69047619,0.6
